Model,Accuracy
Random Forest,0.1930022573363431
SVM,0.18284424379232506
KNN,0.20428893905191872
Logistic Regression,0.19187358916478556
